iter	RMSE
0	0.5116427387
1	0.3761049502
2	0.3514665342
3	0.3283027703
4	0.3198362772
5	0.3128899548
6	0.3088563681
7	0.3066481172
8	0.301287372
9	0.2894043737
10	0.2850299266
11	0.2815660552
12	0.280091675
13	0.2788194198
14	0.2784336526
15	0.2724212235
